Legend,Volume/[m^3],Box size/[m],Temperature/[K],Number of wat,Number of S,Number of Li,Pressure/[Pa],Tot Energy/[kJ/mol],Potential Energy/[kJ/mol]
Mean,3.28137e-26,3.201486939167541e-09,296.1902,1000.0,54.0,108.0,171525.25754437502,-130455.24766000001,-138903.4131
std,0.0,0.0,0.03818895455495087,0.0,0.0,0.0,1705701.6627221562,10.831222672090968,10.467502359493132
# success,4.0,4.0,4.0,4.0,4.0,4.0,4.0,4.0,4.0
